Shasta Neddo,0896728883,14
Shasta Neddo,0896728883,38
Illa Glander,9991923222,54
Illa Glander,9991923222,44
Leisha Keefauver,7093833514,44
Illa Glander,9991923222,48
Illa Glander,9991923222,77
Genoveva Raysor,6135959255,19
Leisha Keefauver,7093833514,31
Raymond Klaass,8209680345,22
Anisa Ebbesen,6707764683,62
Claudia Milon,8318570362,54
Leisha Keefauver,7093833514,80
Shasta Neddo,0896728883,77
Genoveva Raysor,6135959255,63
Claudia Milon,8318570362,65
Shasta Neddo,0896728883,44
Shasta Neddo,0896728883,84
Claudia Milon,8318570362,65
Illa Glander,9991923222,1
Griselda Poulisse,8942932990,87
Griselda Poulisse,8942932990,93
Raymond Klaass,8209680345,64
Shasta Neddo,0896728883,13
Genoveva Raysor,6135959255,54
Shasta Neddo,0896728883,35
Griselda Poulisse,8942932990,57
Shasta Neddo,0896728883,74
Claudia Milon,8318570362,78
Genoveva Raysor,6135959255,10
Illa Glander,9991923222,67
Shasta Neddo,0896728883,35
Cierra Delap,1092687528,18
Cierra Delap,1092687528,24
Leisha Keefauver,7093833514,81
Leisha Keefauver,7093833514,53
Claudia Milon,8318570362,59
Claudia Milon,8318570362,47
Cierra Delap,1092687528,33
Anisa Ebbesen,6707764683,42
Barrett Rabbitt,0144344811,20
Illa Glander,9991923222,3
Anisa Ebbesen,6707764683,65
Illa Glander,9991923222,7
Claudia Milon,8318570362,9
Claudia Milon,8318570362,31
Cierra Delap,1092687528,26
Raymond Klaass,8209680345,43
Raymond Klaass,8209680345,42
Anisa Ebbesen,6707764683,23
Leisha Keefauver,7093833514,83
Shasta Neddo,0896728883,87
Anisa Ebbesen,6707764683,83
Leisha Keefauver,7093833514,50
Claudia Milon,8318570362,83
Cierra Delap,1092687528,85
Leisha Keefauver,7093833514,60
Anisa Ebbesen,6707764683,0
Raymond Klaass,8209680345,25
Griselda Poulisse,8942932990,93
Shasta Neddo,0896728883,60
Griselda Poulisse,8942932990,38
Genoveva Raysor,6135959255,61
Raymond Klaass,8209680345,4
Illa Glander,9991923222,65
Barrett Rabbitt,0144344811,59
Claudia Milon,8318570362,14
Barrett Rabbitt,0144344811,27
Claudia Milon,8318570362,16
Cierra Delap,1092687528,24
Illa Glander,9991923222,64
Raymond Klaass,8209680345,61
Anisa Ebbesen,6707764683,72
Claudia Milon,8318570362,89
Raymond Klaass,8209680345,10
Cierra Delap,1092687528,30
Anisa Ebbesen,6707764683,87
Anisa Ebbesen,6707764683,97
Leisha Keefauver,7093833514,100
Anisa Ebbesen,6707764683,58
Claudia Milon,8318570362,62
Leisha Keefauver,7093833514,79
Raymond Klaass,8209680345,73
Cierra Delap,1092687528,45
Griselda Poulisse,8942932990,11
Leisha Keefauver,7093833514,84
Griselda Poulisse,8942932990,32
Claudia Milon,8318570362,98
Griselda Poulisse,8942932990,98
Shasta Neddo,0896728883,0
Griselda Poulisse,8942932990,13
Shasta Neddo,0896728883,4
Genoveva Raysor,6135959255,47
Claudia Milon,8318570362,90
Illa Glander,9991923222,22
Genoveva Raysor,6135959255,7
Illa Glander,9991923222,82
Cierra Delap,1092687528,70
Griselda Poulisse,8942932990,31
Raymond Klaass,8209680345,58
